,movie,year,timeMin,imdb,metascore,votes,us_grossMillions
0,Tenet,2020,150,7.8,6.0,111570,
1,Knives Out,2019,130,7.9,8.0,389329,165.36
2,One Flew Over the Cuckoo's Nest,1975,133,8.7,8.0,894376,112.0
3,Joker,2019,122,8.5,5.0,867455,335.45
4,Interstellar,2014,169,8.6,7.0,1458300,188.02
5,The Princess Bride,1987,98,8.1,7.0,386373,30.86
6,Avengers: Endgame,2019,181,8.4,7.0,762635,858.37
7,Ford v Ferrari,2019,152,8.1,8.0,258350,117.62
8,Harry Potter and the Sorcerer's Stone,2001,152,7.6,6.0,628109,317.58
9,Mulan,1998,88,7.6,7.0,248834,120.62
10,Inception,2010,148,8.8,7.0,2012232,292.58
11,Parasite,2019,132,8.6,9.0,481086,53.37
12,Once Upon a Time... In Hollywood,2019,161,7.6,8.0,513228,142.5
13,Hamilton,2020,160,8.7,9.0,40786,
14,The Dark Knight,2008,152,9.0,8.0,2250249,534.86
15,Jojo Rabbit,2019,108,7.9,5.0,260011,0.35
16,The Gentlemen,2019,113,7.9,5.0,184378,
17,The Shawshank Redemption,1994,142,9.3,8.0,2285541,28.34
18,Pride & Prejudice,2005,129,7.8,8.0,249515,38.41
19,Blade Runner 2049,2017,164,8.0,8.0,443507,92.05
20,Zodiac,2007,157,7.7,7.0,447533,33.08
21,The Peanut Butter Falcon,2019,97,7.6,7.0,54885,13.12
22,The Wolf of Wall Street,2013,180,8.2,7.0,1146194,116.9
23,Back to the Future,1985,116,8.5,8.0,1031051,210.61
24,Deadpool 2,2018,119,7.7,6.0,462737,324.59
25,The Godfather,1972,175,9.2,1.0,1577666,134.97
26,The Silence of the Lambs,1991,118,8.6,8.0,1238369,130.74
27,The Goonies,1985,114,7.8,6.0,238468,61.5
28,Little Women,2019,135,7.8,9.0,124731,108.1
29,Avengers: Infinity War,2018,149,8.4,6.0,801008,678.82
30,Memento,2000,113,8.4,8.0,1102832,25.54
31,Almost Famous,2000,122,7.9,9.0,248241,32.53
32,1917,2019,119,8.3,7.0,369641,159.23
33,The Dark Knight Rises,2012,164,8.4,7.0,1485367,448.14
34,Tombstone,1993,130,7.8,5.0,123509,56.51
35,Pulp Fiction,1994,154,8.9,9.0,1785351,107.93
36,Dunkirk,2017,106,7.9,9.0,535440,188.37
37,Deadpool,2016,108,8.0,6.0,884335,363.07
38,The Prestige,2006,130,8.5,6.0,1160247,53.09
39,Casino Royale,2006,144,8.0,8.0,571957,167.45
40,Titanic,1997,194,7.8,7.0,1025468,659.33
41,Mad Max: Fury Road,2015,120,8.1,9.0,859313,154.06
42,Room,2015,118,8.1,8.0,359327,14.68
43,The Shining,1980,146,8.4,6.0,872653,44.02
44,The Matrix,1999,136,8.7,7.0,1637171,171.48
45,Prisoners,2013,153,8.1,7.0,583673,61.0
46,Kingsman: The Secret Service,2014,129,7.7,6.0,580802,128.26
47,The Lord of the Rings: The Fellowship of the Ring,2001,178,8.8,9.0,1624038,315.54
48,Call Me by Your Name,2017,132,7.9,9.0,200831,18.1
49,Thor: Ragnarok,2017,130,7.9,7.0,567017,315.06
50,Goodfellas,1990,146,8.7,9.0,994827,46.84
51,Requiem for a Dream,2000,102,8.3,6.0,750557,3.64
52,Jurassic Park,1993,127,8.1,6.0,848675,402.45
53,Se7en,1995,127,8.6,6.0,1406844,100.13
54,Watchmen,2009,162,7.6,5.0,492537,107.51
55,A Star Is Born,2018,136,7.7,8.0,320800,215.29
56,Fight Club,1999,139,8.8,6.0,1812652,37.03
57,Braveheart,1995,178,8.3,6.0,943598,75.6
58,Gladiator,2000,155,8.5,6.0,1311923,187.71
59,Batman Begins,2005,140,8.2,7.0,1282279,206.85
60,Gone Girl,2014,149,8.1,7.0,836433,167.77
61,Django Unchained,2012,165,8.4,8.0,1322312,162.81
62,Harry Potter and the Deathly Hallows: Part 2,2011,130,8.1,8.0,745613,381.01
63,No Country for Old Men,2007,122,8.1,9.0,834644,74.28
64,Harry Potter and the Goblet of Fire,2005,157,7.7,8.0,532294,290.01
65,Forrest Gump,1994,142,8.8,8.0,1761167,330.25
66,The Green Mile,1999,189,8.6,6.0,1116633,136.8
67,Inglourious Basterds,2009,153,8.3,6.0,1233915,120.54
68,Good Will Hunting,1997,126,8.3,7.0,840238,138.43
69,Saving Private Ryan,1998,169,8.6,9.0,1207566,216.54
70,The Irishman,2019,209,7.9,9.0,306836,7.0
71,Bohemian Rhapsody,2018,134,8.0,4.0,435331,216.43
72,Guardians of the Galaxy,2014,121,8.0,7.0,1025516,333.18
73,The Departed,2006,151,8.5,8.0,1163011,132.38
74,Spider-Man: Into the Spider-Verse,2018,117,8.4,8.0,339227,190.24
75,Eternal Sunshine of the Spotless Mind,2004,108,8.3,8.0,892746,34.4
76,Schindler's List,1993,195,8.9,9.0,1186816,96.9
77,American Psycho,2000,101,7.6,6.0,475519,15.07
78,Casablanca,1942,102,8.5,1.0,511472,1.02
79,Get Out,2017,104,7.7,8.0,474718,176.04
80,The Big Lebowski,1998,117,8.1,7.0,716257,17.5
81,Blade Runner,1982,117,8.1,8.0,679983,32.87
82,The Usual Suspects,1995,106,8.5,7.0,971535,23.34
83,Léon: The Professional,1994,110,8.5,6.0,1010749,19.5
84,Taxi Driver,1976,114,8.3,9.0,705829,28.26
85,Hacksaw Ridge,2016,139,8.1,7.0,420368,67.21
86,Harry Potter and the Prisoner of Azkaban,2004,142,7.9,8.0,535044,249.36
87,Moana,2016,107,7.6,8.0,262278,248.76
88,Alien,1979,117,8.4,8.0,771150,78.9
89,Mission: Impossible - Fallout,2018,147,7.7,8.0,282280,220.16
90,A Clockwork Orange,1971,136,8.3,7.0,742363,6.21
91,Avatar,2009,162,7.8,8.0,1103102,760.51
92,Back to the Future Part II,1989,108,7.8,5.0,469545,118.5
93,Portrait of a Lady on Fire,2019,122,8.1,9.0,51631,
94,Psycho,1960,109,8.5,9.0,589017,32.0
95,American Beauty,1999,122,8.3,8.0,1051438,130.1
96,Scarface,1983,170,8.3,6.0,723575,45.6
97,Shutter Island,2010,138,8.2,6.0,1100050,128.01
98,Guardians of the Galaxy Vol. 2,2017,136,7.6,6.0,552409,389.81
99,"Three Billboards Outside Ebbing, Missouri",2017,115,8.2,8.0,413864,54.51
100,Pirates of the Caribbean: The Curse of the Black Pearl,2003,143,8.0,6.0,1002754,305.41
101,Arrival,2016,116,7.9,8.0,578033,100.55
102,Sicario,2015,121,7.6,8.0,362123,46.89
103,Apocalypse Now,1979,147,8.4,9.0,592975,83.47
104,The Lord of the Rings: The Return of the King,2003,201,8.9,9.0,1608350,377.85
105,The Social Network,2010,120,7.7,9.0,610557,96.96
106,The Breakfast Club,1985,97,7.8,6.0,350164,45.88
107,The Notebook,2004,123,7.8,5.0,509688,81.0
108,The Avengers,2012,143,8.0,6.0,1243327,623.28
109,Ferris Bueller's Day Off,1986,103,7.8,6.0,314842,70.14
110,Atonement,2007,123,7.8,8.0,244865,50.93
111,Green Book,2018,130,8.2,6.0,345277,85.08
112,Iron Man,2008,126,7.9,7.0,922754,318.41
113,The Theory of Everything,2014,123,7.7,7.0,392848,35.89
114,Baby Driver,2017,113,7.6,8.0,424413,107.83
115,The Revenant,2015,156,8.0,7.0,687126,183.64
116,The Lion King,1994,88,8.5,8.0,920045,422.78
117,Captain Fantastic,2016,118,7.9,7.0,182949,5.88
118,Skyfall,2012,143,7.7,8.0,621502,304.36
119,Whiplash,2014,106,8.5,8.0,693536,13.09
120,Star Wars: Episode IV - A New Hope,1977,121,8.6,9.0,1206952,322.74
121,The Terminator,1984,107,8.0,8.0,786453,38.4
122,The Hobbit: An Unexpected Journey,2012,169,7.8,5.0,747065,303.0
123,Harry Potter and the Half-Blood Prince,2009,153,7.6,7.0,459697,301.96
124,The Godfather: Part II,1974,202,9.0,9.0,1102277,57.3
125,Dazed and Confused,1993,102,7.6,7.0,161967,7.99
126,The Curious Case of Benjamin Button,2008,166,7.8,7.0,577077,127.51
127,Stand by Me,1986,89,8.1,7.0,356765,52.29
128,Donnie Darko,2001,113,8.0,8.0,729613,1.48
129,Logan,2017,137,8.1,7.0,629857,226.28
130,Catch Me If You Can,2002,141,8.1,7.0,803859,164.62
131,Spirited Away,2001,125,8.6,9.0,629658,10.06
132,Rogue One: A Star Wars Story,2016,133,7.8,6.0,540103,532.18
133,The Fifth Element,1997,126,7.7,5.0,426801,63.54
134,Her,2013,126,8.0,9.0,525832,25.57
135,True Romance,1993,119,7.9,5.0,203082,12.28
136,Close Encounters of the Third Kind,1977,138,7.6,9.0,181034,132.09
137,Toy Story 4,2019,100,7.8,8.0,190784,434.04
138,Heat,1995,170,8.2,7.0,564095,67.44
139,Dead Poets Society,1989,128,8.1,7.0,412682,95.86
140,Captain America: Civil War,2016,147,7.8,7.0,646454,408.08
141,Memories of Murder,2003,132,8.1,8.0,129469,0.01
142,The Grand Budapest Hotel,2014,99,8.1,8.0,689722,59.1
143,Full Metal Jacket,1987,116,8.3,7.0,660211,46.36
144,Harry Potter and the Deathly Hallows: Part 1,2010,146,7.7,6.0,464617,295.98
145,Being John Malkovich,1999,113,7.7,9.0,306392,22.86
146,There Will Be Blood,2007,158,8.2,9.0,504721,40.22
147,Nightcrawler,2014,117,7.9,7.0,451253,32.38
148,The Lord of the Rings: The Two Towers,2002,179,8.7,8.0,1453539,342.55
149,Ratatouille,2007,111,8.0,9.0,626378,206.45
150,The Truman Show,1998,103,8.1,9.0,913942,125.62
151,La La Land,2016,128,8.0,9.0,490003,151.1
152,300,2006,117,7.6,5.0,723556,210.61
153,Willy Wonka & the Chocolate Factory,1971,100,7.8,6.0,174552,4.0
154,Jaws,1975,124,8.0,8.0,536749,260.0
155,12 Angry Men,1957,96,8.9,9.0,671085,4.36
156,E.T. the Extra-Terrestrial,1982,115,7.8,9.0,363762,435.11
157,Marriage Story,2019,137,8.0,9.0,229593,2.0
158,Fargo,1996,98,8.1,8.0,602525,24.61
159,"The Good, the Bad and the Ugly",1966,178,8.8,9.0,674455,6.1
160,Boogie Nights,1997,155,7.9,8.0,234470,26.4
161,Home Alone,1990,103,7.6,6.0,452746,285.76
162,American History X,1998,119,8.5,6.0,1016486,6.72
163,The Perks of Being a Wallflower,2012,103,8.0,6.0,452904,17.74
164,A Beautiful Mind,2001,135,8.2,7.0,830014,170.74
165,Ex Machina,2014,108,7.7,7.0,463992,25.44
166,Wonder,2017,113,8.0,6.0,135150,132.42
167,Terminator 2: Judgment Day,1991,137,8.5,7.0,977458,204.84
168,2001: A Space Odyssey,1968,149,8.3,8.0,589822,56.95
169,Glory,1989,122,7.8,7.0,119540,26.83
170,Apocalypto,2006,139,7.8,6.0,286821,50.87
171,The Martian,2015,144,8.0,8.0,742948,228.43
172,The Nightmare Before Christmas,1993,76,8.0,8.0,285972,75.08
173,Edge of Tomorrow,2014,113,7.9,7.0,587664,100.21
174,The Hateful Eight,2015,168,7.8,6.0,500837,54.12
175,Mulholland Drive,2001,147,8.0,8.0,314008,7.22
176,The Hobbit: The Desolation of Smaug,2013,161,7.8,6.0,591821,258.37
177,Out of the Past,1947,97,8.0,,31953,
178,Aliens,1986,137,8.3,8.0,641116,85.16
179,The Handmaiden,2016,145,8.1,8.0,105682,2.01
180,V for Vendetta,2005,132,8.2,6.0,1012164,70.51
181,Raiders of the Lost Ark,1981,115,8.4,8.0,867595,248.16
182,Reservoir Dogs,1992,99,8.3,7.0,899081,2.83
183,The Big Short,2015,130,7.8,8.0,350395,70.26
184,Love Actually,2003,135,7.6,5.0,416395,59.7
185,The Sixth Sense,1999,107,8.1,6.0,896493,293.51
186,Casino,1995,178,8.2,7.0,454553,42.44
187,The Girl with the Dragon Tattoo,2011,158,7.8,7.0,412823,102.52
188,Sin City,2005,124,8.0,7.0,733769,74.1
189,Oldboy,2003,120,8.4,7.0,502795,0.71
190,The Thing,1982,109,8.1,5.0,361379,13.78
191,Coco,2017,105,8.4,8.0,355219,209.73
192,Stardust,2007,127,7.6,6.0,250771,38.63
193,Snatch,2000,102,8.3,5.0,768312,30.33
194,Trainspotting,1996,93,8.1,8.0,624686,16.5
195,The Help,2011,146,8.0,6.0,420534,169.71
196,Drive,2011,100,7.8,7.0,560076,35.06
197,Incendies,2010,131,8.3,8.0,143531,6.86
198,Airplane!,1980,88,7.7,7.0,209401,83.4
199,Die Hard,1988,132,8.2,7.0,769624,83.01
200,Halloween,1978,91,7.8,8.0,223107,47.0
201,Inside Out,2015,95,8.1,9.0,594813,356.46
202,Kill Bill: Vol. 1,2003,111,8.1,6.0,980031,70.1
203,The Invisible Guest,2016,106,8.1,,128800,
204,About Time,2013,123,7.8,5.0,290774,15.32
205,Captain America: The Winter Soldier,2014,136,7.7,7.0,720920,259.77
206,The Exorcist,1973,122,8.0,8.0,354998,232.91
207,"Synecdoche, New York",2008,124,7.6,6.0,80555,3.08
208,The Blues Brothers,1980,133,7.9,6.0,179389,57.23
209,Spotlight,2015,129,8.1,9.0,408348,45.06
210,Zootopia,2016,108,8.0,7.0,422609,341.27
211,Once Upon a Time in America,1984,229,8.4,,303415,5.32
212,Big Fish,2003,125,8.0,5.0,409257,66.26
213,Into the Wild,2007,148,8.1,7.0,562080,18.35
214,Your Name.,2016,106,8.4,7.0,180468,5.02
215,Life Is Beautiful,1997,116,8.6,5.0,607763,57.6
216,Kick-Ass,2010,117,7.6,6.0,518470,48.07
217,X-Men: First Class,2011,131,7.7,6.0,637952,146.41
218,The Hangover,2009,100,7.7,7.0,707199,277.32
219,Black Swan,2010,108,8.0,7.0,687564,106.95
220,Platoon,1986,120,8.1,9.0,374261,138.53
221,Dances with Wolves,1990,181,8.0,7.0,235672,184.21
222,Finding Nemo,2003,100,8.1,9.0,930339,380.84
223,Ghostbusters,1984,105,7.8,7.0,348050,238.63
224,What We Do in the Shadows,2014,86,7.7,7.0,151511,3.33
225,Ocean's Eleven,2001,116,7.7,7.0,505596,183.42
226,Star Trek,2009,127,7.9,8.0,572366,257.73
227,Hot Fuzz,2007,121,7.8,8.0,455320,23.64
228,The Sound of Music,1965,172,8.0,6.0,199045,163.21
229,12 Years a Slave,2013,134,8.1,9.0,626464,56.67
230,Star Wars: Episode VII - The Force Awakens,2015,138,7.9,8.0,846517,936.66
231,The Imitation Game,2014,114,8.0,7.0,669955,91.13
232,Changeling,2008,141,7.7,6.0,234590,35.74
233,Lost in Translation,2003,102,7.7,8.0,404881,44.59
234,Midnight in Paris,2011,94,7.7,8.0,381111,56.82
235,Star Wars: Episode V - The Empire Strikes Back,1980,124,8.7,8.0,1135028,290.48
236,Edward Scissorhands,1990,105,7.9,7.0,438234,56.36
237,Moneyball,2011,133,7.6,8.0,355996,75.61
238,X-Men: Days of Future Past,2014,132,7.9,7.0,651467,233.92
239,Million Dollar Baby,2004,132,8.1,8.0,624852,100.49
240,Donnie Brasco,1997,127,7.7,7.0,272886,41.91
241,The Incredibles,2004,115,8.0,9.0,644233,261.44
242,Deliverance,1972,109,7.7,8.0,97064,7.06
243,Children of Men,2006,109,7.9,8.0,457539,35.55
244,Blue Is the Warmest Colour,2013,180,7.7,8.0,135762,2.2
245,Birdman or (The Unexpected Virtue of Ignorance),2014,119,7.7,8.0,568076,42.34
246,Young Frankenstein,1974,106,8.0,8.0,140854,86.3
247,Brokeback Mountain,2005,134,7.7,8.0,317775,83.04
248,Remember the Titans,2000,113,7.8,4.0,194779,115.65
249,The Wizard of Oz,1939,102,8.0,1.0,366813,2.08
250,Hidden Figures,2016,127,7.8,7.0,194042,169.61
251,Scent of a Woman,1992,156,8.0,5.0,254949,63.9
252,City of God,2002,130,8.6,7.0,687389,7.56
253,Warrior,2011,140,8.2,7.0,428593,13.66
254,Vertigo,1958,128,8.3,1.0,354352,3.2
255,Gone with the Wind,1939,238,8.1,9.0,284740,198.68
256,Toy Story,1995,81,8.3,9.0,867006,191.8
257,Pan's Labyrinth,2006,118,8.2,9.0,608310,37.63
258,Minority Report,2002,145,7.6,8.0,499888,132.07
259,Misery,1990,107,7.8,7.0,179852,61.28
260,Shrek,2001,90,7.8,8.0,601645,267.67
261,Superbad,2007,113,7.6,7.0,512467,121.46
262,Howl's Moving Castle,2004,119,8.2,8.0,320940,4.71
263,Capernaum,2018,126,8.4,7.0,54724,1.66
264,My Cousin Vinny,1992,120,7.6,6.0,104483,52.93
265,The Blind Side,2009,129,7.6,5.0,286808,255.96
266,Predator,1987,107,7.8,4.0,365457,59.74
267,The Pianist,2002,150,8.5,8.0,710299,32.57
268,Rush,2013,123,8.1,7.0,424103,26.95
269,WALL·E,2008,98,8.4,9.0,977444,223.81
270,The Intouchables,2011,112,8.5,5.0,739055,13.18
271,12 Monkeys,1995,129,8.0,7.0,569720,57.14
272,The Godfather: Part III,1990,162,7.6,6.0,351388,66.67
273,Saw,2004,103,7.6,4.0,372787,56.0
274,Rear Window,1954,112,8.4,1.0,433910,36.76
275,Office Space,1999,89,7.7,6.0,238127,10.82
276,Star Wars: Episode VI - Return of the Jedi,1983,131,8.3,5.0,930396,309.13
277,The Hunt,2012,115,8.3,7.0,270791,0.69
278,Sherlock Holmes,2009,128,7.6,5.0,574982,209.03
279,Serenity,2005,119,7.8,7.0,280244,25.51
280,Dallas Buyers Club,2013,117,8.0,8.0,431398,27.3
281,Incredibles 2,2018,118,7.6,8.0,240595,608.58
282,Zombieland,2009,88,7.6,7.0,511955,75.59
283,Rocky,1976,120,8.1,7.0,507522,117.24
284,Aladdin,1992,90,8.0,8.0,365216,217.35
285,The Hunt for Red October,1990,135,7.6,5.0,175452,122.01
286,"Monsters, Inc.",2001,92,8.0,7.0,797123,289.92
287,Silver Linings Playbook,2012,122,7.7,8.0,652187,132.09
288,Big Hero 6,2014,102,7.8,7.0,401985,222.53
289,Moonrise Kingdom,2012,94,7.8,8.0,312431,45.51
290,Tangled,2010,100,7.7,7.0,397117,200.82
291,Amadeus,1984,160,8.3,8.0,362042,51.97
292,Unforgiven,1992,130,8.2,8.0,368425,101.16
293,Walk the Line,2005,136,7.8,7.0,230051,119.52
294,Before Sunrise,1995,101,8.1,7.0,264044,5.54
295,Argo,2012,120,7.7,8.0,564156,136.03
296,Little Miss Sunshine,2006,101,7.8,8.0,432854,59.89
297,Shaun of the Dead,2004,99,7.9,7.0,503421,13.54
298,Fear and Loathing in Las Vegas,1998,118,7.6,4.0,255603,10.68
299,A Few Good Men,1992,138,7.7,6.0,230160,141.34
300,True Grit,2010,110,7.6,8.0,305852,171.24
301,Amélie,2001,122,8.3,6.0,691973,33.23
302,Indiana Jones and the Last Crusade,1989,127,8.2,6.0,678673,197.17
303,Primal Fear,1996,129,7.7,4.0,182972,56.12
304,Blue Velvet,1986,120,7.7,7.0,177097,8.55
305,Come and See,1985,142,8.3,,54893,
306,Adaptation.,2002,115,7.7,8.0,174855,22.25
307,Crash,2004,112,7.7,6.0,415661,54.58
308,Wind River,2017,107,7.7,7.0,196269,33.8
309,Up,2009,96,8.2,8.0,914108,293.0
310,Once Upon a Time in the West,1968,165,8.5,8.0,296243,5.32
311,Toy Story 3,2010,103,8.3,9.0,741634,415.0
312,"Lock, Stock and Two Smoking Barrels",1998,107,8.2,6.0,525788,3.9
313,Rebecca,1940,130,8.1,8.0,119791,4.36
314,Cast Away,2000,143,7.8,7.0,512234,233.63
315,Training Day,2001,122,7.7,6.0,382460,76.63
316,L.A. Confidential,1997,138,8.2,9.0,522746,64.62
317,American Gangster,2007,157,7.8,7.0,384325,130.16
318,Togo,2019,113,8.0,6.0,31567,
319,Mary Poppins,1964,139,7.8,8.0,154701,102.27
320,Mystic River,2003,138,7.9,8.0,412309,90.14
321,The Florida Project,2017,111,7.6,9.0,90648,5.9
322,Magnolia,1999,188,8.0,7.0,285207,22.46
323,Princess Mononoke,1997,134,8.4,7.0,332526,2.38
324,28 Days Later...,2002,113,7.6,7.0,370213,45.06
325,Gravity,2013,91,7.7,9.0,757208,274.09
326,Inside Man,2006,129,7.6,7.0,332336,88.51
327,Breakfast at Tiffany's,1961,115,7.6,7.0,163530,
328,Seven Samurai,1954,207,8.6,9.0,309008,0.27
329,Star Trek Into Darkness,2013,132,7.7,7.0,459029,228.78
330,Black Hawk Down,2001,144,7.7,7.0,358849,108.64
331,Coraline,2009,100,7.7,8.0,191466,75.29
332,The Deer Hunter,1978,183,8.1,8.0,305235,48.98
333,Anatomy of a Murder,1959,161,8.0,9.0,58589,11.9
334,The Machinist,2004,101,7.7,6.0,351974,1.08
335,Manchester by the Sea,2016,137,7.8,9.0,239280,47.7
336,Dil Bechara,2020,101,7.2,,103154,
337,Chinatown,1974,130,8.2,9.0,287819,29.2
338,The Lives of Others,2006,137,8.4,8.0,350685,11.29
339,Sense and Sensibility,1995,136,7.6,8.0,99880,43.18
340,3 Idiots,2009,170,8.4,6.0,333650,6.53
341,Taken,2008,90,7.8,5.0,558783,145.0
342,Who Framed Roger Rabbit,1988,104,7.7,8.0,178902,156.45
343,The Thin Red Line,1998,170,7.6,7.0,169658,36.4
344,Blazing Saddles,1974,93,7.7,7.0,123815,119.5
345,How to Train Your Dragon,2010,98,8.1,7.0,653172,217.58
346,Boyz n the Hood,1991,112,7.8,7.0,122325,57.5
347,The Untouchables,1987,119,7.9,7.0,273621,76.27
348,Blow,2001,124,7.6,5.0,237074,52.99
349,3:10 to Yuma,2007,122,7.7,7.0,284652,53.61
350,Captain Phillips,2013,134,7.8,8.0,413264,107.1
351,In Bruges,2008,107,7.9,6.0,384487,7.76
352,The Last of the Mohicans,1992,112,7.7,7.0,146098,75.51
353,Rosemary's Baby,1968,137,8.0,9.0,188386,
354,Citizen Kane,1941,119,8.3,1.0,390523,1.59
355,The Sandlot,1993,101,7.8,5.0,77491,32.42
356,The Birds,1963,119,7.7,9.0,167821,11.4
357,Lion,2016,118,8.0,6.0,207556,51.74
358,Slumdog Millionaire,2008,120,8.0,8.0,787629,141.32
359,The Graduate,1967,106,8.0,8.0,250351,104.95
360,The Butterfly Effect,2004,113,7.6,3.0,445126,57.94
361,Dog Day Afternoon,1975,125,8.0,8.0,231296,50.0
362,"O Brother, Where Art Thou?",2000,107,7.7,6.0,280143,45.51
363,The Last Samurai,2003,154,7.7,5.0,393117,111.11
364,Despicable Me,2010,95,7.6,7.0,492264,251.51
365,Beauty and the Beast,1991,84,8.0,9.0,411320,218.97
366,The Little Mermaid,1989,83,7.6,8.0,232433,111.54
367,The Bourne Identity,2002,119,7.9,6.0,499981,121.66
368,The Holy Mountain,1973,114,7.9,7.0,35618,0.06
369,Searching,2018,102,7.6,7.0,134216,26.02
370,Groundhog Day,1993,101,8.0,7.0,570249,70.91
371,Indiana Jones and the Temple of Doom,1984,118,7.6,5.0,439248,179.87
372,Hell or High Water,2016,102,7.6,8.0,199001,26.86
373,The Pursuit of Happyness,2006,117,8.0,6.0,438619,163.57
374,Life of Pi,2012,127,7.9,7.0,571486,124.99
375,Mr. Nobody,2009,141,7.8,6.0,212330,0.0
376,How to Train Your Dragon 2,2014,102,7.8,7.0,299163,177.0
377,First Blood,1982,93,7.7,6.0,222018,47.21
378,The Game,1997,129,7.8,6.0,337625,48.32
379,500 Days of Summer,2009,95,7.7,7.0,465328,32.39
380,This Is Spinal Tap,1984,82,7.9,9.0,126922,0.19
381,Goldfinger,1964,110,7.7,8.0,169169,51.08
382,Kill Bill: Vol. 2,2004,137,8.0,8.0,670044,66.21
383,Hunt for the Wilderpeople,2016,101,7.9,8.0,105171,5.2
384,The Crow,1994,102,7.6,7.0,163927,50.69
385,Dr. Strangelove or: How I Learned to Stop Worrying and Love the Bomb,1964,95,8.4,9.0,442244,0.28
386,Downfall,2004,156,8.2,8.0,325505,5.51
387,Y Tu Mamá También,2001,106,7.6,8.0,113923,13.62
388,The Fugitive,1993,130,7.8,8.0,262781,183.88
389,Carlito's Way,1993,144,7.9,6.0,197168,36.95
390,Straight Outta Compton,2015,147,7.8,7.0,176541,161.2
391,Philadelphia,1993,125,7.7,6.0,220182,77.32
392,Moon,2009,97,7.9,6.0,330422,5.01
393,Gran Torino,2008,116,8.1,7.0,708702,148.1
394,Sleepers,1996,147,7.6,4.0,184088,49.1
395,When Harry Met Sally...,1989,95,7.6,7.0,191174,92.82
396,Blood Diamond,2006,143,8.0,6.0,490758,57.37
397,It's a Wonderful Life,1946,130,8.6,8.0,389347,
398,Do the Right Thing,1989,120,8.0,9.0,86599,27.55
399,Gone Baby Gone,2007,114,7.6,7.0,246193,20.3
400,The Royal Tenenbaums,2001,110,7.6,7.0,261525,52.36
401,Grave of the Fireflies,1988,89,8.5,9.0,226721,
402,The Fault in Our Stars,2014,126,7.7,6.0,337907,124.87
403,What's Eating Gilbert Grape,1993,118,7.8,7.0,210809,9.17
404,The Count of Monte Cristo,2002,131,7.8,6.0,127123,54.23
405,The Dirty Dozen,1967,150,7.7,7.0,65962,45.3
406,The Bourne Supremacy,2004,108,7.7,7.0,427944,176.24
407,Wreck-It Ralph,2012,101,7.7,7.0,372417,189.42
408,Gifted,2017,101,7.6,6.0,96280,24.8
409,The Fighter,2010,116,7.8,7.0,334832,93.62
410,I Saw the Devil,2010,144,7.8,6.0,106608,0.13
411,District 9,2009,112,7.9,8.0,631154,115.65
412,La Haine,1995,98,8.1,,145198,0.31
413,The Elephant Man,1980,124,8.1,7.0,215218,
414,Monty Python and the Holy Grail,1975,91,8.2,9.0,492777,1.23
415,North by Northwest,1959,136,8.3,9.0,292595,13.28
416,Mad Max 2: The Road Warrior,1981,96,7.6,7.0,163883,12.47
417,Gattaca,1997,106,7.8,6.0,276296,12.34
418,The Naked Gun: From the Files of Police Squad!,1988,85,7.6,7.0,149152,78.76
419,Brazil,1985,132,7.9,8.0,184830,9.93
420,Awakenings,1990,121,7.8,7.0,121279,52.1
421,The Warriors,1979,92,7.6,6.0,92073,22.49
422,The Boy in the Striped Pajamas,2008,94,7.8,5.0,186390,9.03
423,Butch Cassidy and the Sundance Kid,1969,110,8.0,6.0,199486,102.31
424,The Magnificent Seven,1960,128,7.7,7.0,86201,4.91
425,Mississippi Burning,1988,128,7.8,6.0,86164,34.6
426,Lost Highway,1997,134,7.6,5.0,128055,3.8
427,Man on Fire,2004,146,7.7,4.0,324446,77.91
428,Boyhood,2014,165,7.9,1.0,331346,25.38
429,The King's Speech,2010,118,8.0,8.0,629459,138.8
430,Das Boot,1981,149,8.3,8.0,227142,11.49
431,Apollo 13,1995,140,7.6,7.0,262808,173.84
432,Only the Brave,2017,134,7.6,7.0,55348,18.34
433,A Fistful of Dollars,1964,99,8.0,6.0,193097,14.5
434,Rain Man,1988,133,8.0,6.0,466024,178.8
435,Ip Man,2008,106,8.0,5.0,208481,
436,Dangal,2016,161,8.4,,148873,12.39
437,Lawrence of Arabia,1962,228,8.3,1.0,262313,44.82
438,The Secret in Their Eyes,2009,129,8.2,8.0,188540,6.39
439,Empire of the Sun,1987,153,7.7,6.0,113499,22.24
440,Bridge of Spies,2015,142,7.6,8.0,281927,72.31
441,All the President's Men,1976,138,8.0,8.0,100204,70.6
442,Fantastic Mr. Fox,2009,87,7.9,8.0,193691,21.0
443,In the Mood for Love,2000,98,8.1,8.0,119757,2.73
444,Some Like It Hot,1959,121,8.2,9.0,238804,25.0
445,Roma,2018,135,7.7,9.0,135272,
446,Falling Down,1993,113,7.6,5.0,167117,40.9
447,Laura,1944,88,8.0,,41825,4.36
448,Raging Bull,1980,129,8.2,8.0,314785,23.38
449,The Lego Movie,2014,100,7.7,8.0,319897,257.76
450,Lethal Weapon,1987,109,7.6,6.0,232786,65.21
451,Stalker,1979,162,8.2,,112554,0.23
452,The Wrestler,2008,109,7.9,8.0,286660,26.24
453,Double Indemnity,1944,107,8.3,9.0,140095,5.72
454,Barry Lyndon,1975,185,8.1,8.0,145864,
455,The Boondock Saints,1999,108,7.8,4.0,225013,0.03
456,Isle of Dogs,2018,101,7.9,8.0,133500,32.02
457,"Crouching Tiger, Hidden Dragon",2000,120,7.8,9.0,250008,128.08
458,My Neighbor Totoro,1988,86,8.2,8.0,279951,1.11
459,Toy Story 2,1999,92,7.9,8.0,515879,245.85
460,The Others,2001,104,7.6,7.0,331209,96.52
461,The Bridge on the River Kwai,1957,161,8.1,8.0,199328,44.91
462,The Farewell,2019,100,7.6,8.0,45555,16.88
463,End of Watch,2012,109,7.6,6.0,224915,41.0
464,Dark City,1998,100,7.6,6.0,185567,14.38
465,Dogville,2003,178,8.0,6.0,135308,1.53
466,Akira,1988,124,8.0,,160130,0.55
467,Papillon,1973,151,8.0,5.0,119681,53.27
468,To Kill a Mockingbird,1962,129,8.2,8.0,289437,
469,Wild Tales,2014,122,8.1,7.0,171299,3.11
470,Shoplifters,2018,121,8.0,9.0,57296,3.31
471,Traffic,2000,147,7.6,8.0,193488,124.12
472,The Color Purple,1985,154,7.8,7.0,76716,98.47
473,The Skin I Live In,2011,120,7.6,7.0,135501,3.19
474,Planet of the Apes,1968,112,8.0,7.0,163167,33.4
475,The Fall,2006,117,7.9,6.0,106029,2.28
476,Perfect Blue,1997,81,8.0,,54651,0.78
477,Cinema Paradiso,1988,155,8.5,8.0,224027,11.99
478,Before Sunset,2004,80,8.1,9.0,229734,5.82
479,Road to Perdition,2002,117,7.7,7.0,242816,104.45
480,Singin' in the Rain,1952,103,8.3,9.0,213858,8.82
481,A Silent Voice: The Movie,2016,130,8.1,7.0,41595,
482,The Great Escape,1963,172,8.2,8.0,220302,12.1
483,Before Midnight,2013,109,7.9,9.0,137178,8.11
484,Roman Holiday,1953,118,8.0,7.0,125006,
485,As Good as It Gets,1997,139,7.7,6.0,270560,148.48
486,The Jungle Book,1967,78,7.6,6.0,162867,141.84
487,After Hours,1985,97,7.7,9.0,57132,10.6
488,JFK,1991,189,8.0,7.0,139120,70.41
489,Kung Fu Hustle,2004,99,7.7,7.0,125089,17.11
490,Escape from Alcatraz,1979,112,7.6,7.0,117806,43.0
491,A Bronx Tale,1993,121,7.8,8.0,125403,17.27
492,Fried Green Tomatoes,1991,130,7.7,6.0,65656,82.42
493,Ponyo,2008,101,7.7,8.0,120776,15.09
494,The Girl with the Dragon Tattoo,2009,152,7.8,7.0,206401,10.1
495,The Great Beauty,2013,141,7.8,8.0,79097,2.85
496,The Last Emperor,1987,163,7.7,7.0,92179,43.98
497,Creed,2015,133,7.6,8.0,242321,109.77
498,Match Point,2005,124,7.6,7.0,203351,23.09
499,Seven Pounds,2008,123,7.6,3.0,282786,69.95
500,Die Hard with a Vengeance,1995,128,7.6,5.0,357857,100.01
501,Sunset Blvd.,1950,110,8.4,,196612,
502,The Seventh Seal,1957,96,8.2,8.0,160033,
503,Metropolis,1927,153,8.3,9.0,156646,1.24
504,Spartacus,1960,197,7.9,8.0,122266,30.0
505,Amores Perros,2000,154,8.1,8.0,219786,5.38
506,The Bourne Ultimatum,2007,115,8.0,8.0,598304,227.47
507,Battle Royale,2000,114,7.6,8.0,166764,
508,"Blood In, Blood Out",1993,180,8.0,4.0,28380,4.5
509,The Sting,1973,129,8.3,8.0,236943,159.6
510,Naked,1993,132,7.8,8.0,33446,1.77
511,Klaus,2019,96,8.2,6.0,75847,
512,Annie Hall,1977,93,8.0,9.0,248692,39.2
513,Sling Blade,1996,135,8.0,8.0,85827,24.48
514,Snow White and the Seven Dwarfs,1937,83,7.6,9.0,177670,184.93
515,"Paris, Texas",1984,145,8.1,7.0,87093,2.18
516,Kiki's Delivery Service,1989,103,7.8,8.0,118677,
517,Clerks,1994,92,7.7,7.0,209487,3.15
518,The Raid: Redemption,2011,101,7.6,7.0,187605,4.11
519,Eastern Promises,2007,100,7.6,8.0,224293,17.11
520,Gangs of Wasseypur,2012,321,8.2,8.0,78964,
521,Monty Python's Life of Brian,1979,94,8.1,7.0,360271,20.05
522,The Illusionist,2006,110,7.6,6.0,351156,39.87
523,Kramer vs. Kramer,1979,105,7.8,7.0,130187,106.26
524,Evil Dead II,1987,84,7.8,7.0,145039,5.92
525,For a Few Dollars More,1965,132,8.3,7.0,226958,15.0
526,Ghost in the Shell,1995,83,8.0,7.0,125968,0.52
527,Midnight Cowboy,1969,113,7.8,7.0,98972,44.79
528,On the Waterfront,1954,108,8.1,9.0,139013,9.6
529,Star Trek II: The Wrath of Khan,1982,113,7.7,6.0,111005,78.91
530,The Third Man,1949,93,8.1,9.0,155737,0.45
531,Hachi: A Dog's Tale,2009,93,8.1,,246733,
532,Let the Right One In,2008,114,7.9,8.0,202946,2.12
533,The Ten Commandments,1956,220,7.9,,62483,93.74
534,The Apartment,1960,125,8.3,9.0,159745,18.6
535,Enemy at the Gates,2001,131,7.6,5.0,238778,51.4
536,The Conversation,1974,113,7.8,8.0,95937,4.42
537,All That Jazz,1979,123,7.9,7.0,27409,37.82
538,In the Name of the Father,1993,133,8.1,8.0,153338,25.01
539,Robin Hood,1973,83,7.6,5.0,113087,32.06
540,Andhadhun,2018,139,8.3,,66472,1.37
541,Ed Wood,1994,127,7.8,7.0,163144,5.89
542,Hero,2002,120,7.9,8.0,172331,53.71
543,Ben-Hur,1959,212,8.1,9.0,215387,74.7
544,Mother,2009,129,7.8,7.0,49379,0.55
545,Cabaret,1972,124,7.8,8.0,47397,42.77
546,Night of the Living Dead,1968,96,7.9,8.0,113568,0.09
547,Hotel Rwanda,2004,121,8.1,7.0,329879,23.53
548,Enter the Dragon,1973,102,7.7,8.0,94694,25.0
549,This Is England,2006,101,7.7,8.0,114371,0.33
550,Harakiri,1962,133,8.6,8.0,37886,
551,Ordinary People,1980,124,7.7,8.0,45894,54.8
552,7 Kogustaki Mucize,2019,132,8.3,,29389,
553,Malcolm X,1992,202,7.7,7.0,83726,48.17
554,National Lampoon's Christmas Vacation,1989,97,7.6,4.0,148523,71.32
555,Dirty Harry,1971,102,7.7,9.0,140960,35.9
556,Detachment,2011,98,7.7,5.0,75112,0.07
557,Nosferatu,1922,94,7.9,,86869,
558,The Man Who Shot Liberty Valance,1962,123,8.1,9.0,67401,
559,Billy Elliot,2000,110,7.7,7.0,124352,22.0
560,Midnight Express,1978,121,7.6,5.0,72277,35.0
561,The Man from Earth,2007,87,7.9,,171127,
562,Cool Hand Luke,1967,127,8.1,9.0,158814,16.22
563,Nausicaä of the Valley of the Wind,1984,117,8.1,8.0,145706,0.5
564,Dangerous Liaisons,1988,119,7.6,7.0,63494,34.7
565,Solaris,1972,167,8.1,9.0,78546,
566,A Separation,2011,123,8.3,9.0,214784,7.1
567,The Artist,2011,100,7.9,8.0,227713,44.67
568,The French Connection,1971,104,7.7,9.0,107699,15.63
569,Chhichhore,2019,143,8.2,,30001,0.9
570,Gandhi,1982,191,8.0,7.0,215486,52.77
571,The King of Comedy,1982,109,7.8,7.0,84821,2.5
572,October Sky,1999,108,7.8,7.0,80804,32.48
573,Sing Street,2016,106,7.9,7.0,83112,3.24
574,Badlands,1973,94,7.8,9.0,64205,
575,Rushmore,1998,93,7.7,8.0,166237,17.11
576,The Insider,1999,157,7.8,8.0,157347,28.97
577,Finding Neverland,2004,106,7.7,6.0,196580,51.68
578,Dawn of the Dead,1978,127,7.9,7.0,109443,5.1
579,Serpico,1973,130,7.7,8.0,107096,29.8
580,Paper Moon,1973,102,8.1,7.0,41405,30.93
581,The Red Shoes,1948,135,8.1,,30039,10.9
582,Dawn of the Planet of the Apes,2014,130,7.6,7.0,407282,208.55
583,Bonnie and Clyde,1967,111,7.8,8.0,100491,
584,A Streetcar Named Desire,1951,122,8.0,9.0,97477,8.0
585,Witness for the Prosecution,1957,116,8.4,,105179,8.18
586,Lord of War,2005,122,7.6,6.0,290417,24.15
587,Blood Simple,1984,99,7.6,8.0,85747,2.15
588,Rebel Without a Cause,1955,111,7.7,8.0,81824,
589,Fiddler on the Roof,1971,181,8.0,6.0,38514,80.5
590,Miller's Crossing,1990,115,7.7,6.0,123982,5.08
591,50/50,2011,100,7.6,7.0,312385,35.01
592,Doctor Zhivago,1965,197,8.0,6.0,68450,111.72
593,Flipped,2010,90,7.7,4.0,80022,1.75
594,Castle in the Sky,1986,125,8.0,7.0,145854,
595,Days of Heaven,1978,94,7.8,9.0,51310,
596,The Best Offer,2013,131,7.8,4.0,105532,0.09
597,The Body,2012,112,7.6,,54919,
598,Chungking Express,1994,102,8.1,7.0,60344,0.6
599,Charade,1963,113,7.9,8.0,66642,13.47
600,Rope,1948,80,8.0,7.0,126418,
601,Glengarry Glen Ross,1992,100,7.7,8.0,94103,10.73
602,M,1931,99,8.3,,139843,0.03
603,Like Stars on Earth,2007,165,8.4,,162693,1.22
604,The Name of the Rose,1986,130,7.7,5.0,99582,7.15
605,The Iron Giant,1999,86,8.0,8.0,168782,23.16
606,Paths of Glory,1957,88,8.4,9.0,173391,
607,The Last Picture Show,1971,118,8.0,9.0,41381,29.13
608,Network,1976,121,8.1,8.0,142286,
609,Persona,1966,83,8.1,8.0,99438,
610,Paddington 2,2017,103,7.8,8.0,58370,40.44
611,Ran,1985,162,8.2,9.0,109343,4.14
612,"Planes, Trains and Automobiles",1987,93,7.6,7.0,119631,49.53
613,Funny Games,1997,108,7.6,6.0,63066,
614,In the Heat of the Night,1967,110,7.9,7.0,66213,24.38
615,Ray,2004,152,7.7,7.0,136357,75.33
616,21 Grams,2003,124,7.7,7.0,221667,16.29
617,Barton Fink,1991,116,7.7,6.0,111187,6.15
618,Beasts of No Nation,2015,137,7.7,7.0,71912,0.08
619,The World's Fastest Indian,2005,127,7.8,6.0,51342,5.13
620,The Tenant,1976,126,7.7,,38656,1.92
621,Baahubali: The Beginning,2015,159,8.1,,100471,6.74
622,I Am Sam,2001,132,7.7,2.0,141351,40.31
623,The Outlaw Josey Wales,1976,135,7.8,6.0,64285,31.8
624,Dial M for Murder,1954,105,8.2,7.0,153985,0.01
625,Blow-Up,1966,111,7.6,8.0,55234,
626,Giant,1956,201,7.6,8.0,33361,
627,La Dolce Vita,1960,174,8.0,9.0,64883,19.52
628,Dancer in the Dark,2000,140,8.0,6.0,100284,4.18
629,King Kong,1933,100,7.9,9.0,77639,10.0
630,The Great Dictator,1940,125,8.4,,198129,0.29
631,High Noon,1952,85,7.9,8.0,95744,9.45
632,The Wind Rises,2013,126,7.8,8.0,70570,5.21
633,My Fair Lady,1964,170,7.8,9.0,84998,72.0
634,The Searchers,1956,119,7.9,9.0,78687,
635,Three Colors: Red,1994,99,8.1,1.0,88149,4.04
636,The Right Stuff,1983,193,7.8,9.0,55073,21.5
637,8½,1963,138,8.0,,106725,0.05
638,Kubo and the Two Strings,2016,101,7.8,8.0,115411,48.02
639,The Straight Story,1999,112,8.0,8.0,80211,6.2
640,Breathless,1960,90,7.9,,71338,0.34
641,Run Lola Run,1998,80,7.6,7.0,186223,7.27
642,Lucky Number Slevin,2006,110,7.7,5.0,297115,22.49
643,The Raid 2,2014,150,8.0,7.0,112348,2.63
644,Mommy,2014,139,8.1,7.0,48961,3.49
645,The Killing Fields,1984,141,7.8,7.0,50699,34.7
646,Pink Floyd: The Wall,1982,95,8.1,4.0,74923,22.24
647,The Man from Nowhere,2010,119,7.8,,61183,0.01
648,25th Hour,2002,135,7.6,6.0,168095,13.06
649,Happiness,1998,134,7.7,8.0,65530,2.81
650,A Christmas Story,1983,94,7.9,7.0,127797,20.61
651,The Wild Bunch,1969,135,7.9,9.0,76268,12.06
652,The Secret World of Arrietty,2010,94,7.6,8.0,77983,19.2
653,The Bridges of Madison County,1995,135,7.6,6.0,71412,71.52
654,Wings of Desire,1987,128,8.0,7.0,63168,3.33
655,Mary and Max,2009,92,8.1,,161523,
656,PK,2014,153,8.1,,157731,10.62
657,Paprika,2006,90,7.7,8.0,68920,0.88
658,Cinderella Man,2005,144,8.0,6.0,173775,61.65
659,Short Term 12,2013,96,8.0,8.0,79992,1.01
660,Fanny and Alexander,1982,188,8.1,1.0,56423,4.97
661,The Wave,2008,107,7.6,,100936,
662,From Here to Eternity,1953,118,7.6,8.0,42497,30.5
663,Modern Times,1936,87,8.5,9.0,212104,0.16
664,The Last King of Scotland,2006,123,7.7,7.0,173099,17.61
665,Frankenstein,1931,70,7.8,9.0,63513,
666,The Muppet Movie,1979,95,7.6,7.0,32024,76.66
667,Me and Earl and the Dying Girl,2015,105,7.7,7.0,120926,6.74
668,Hamlet,1996,242,7.7,,35600,4.41
669,Sabrina,1954,113,7.7,7.0,57913,
670,East of Eden,1955,118,7.9,7.0,39512,
671,All About Eve,1950,138,8.2,9.0,118038,0.01
672,Three Colors: Blue,1993,94,7.9,8.0,86817,1.32
673,Manhattan,1979,96,7.9,8.0,129472,45.7
674,The Remains of the Day,1993,134,7.8,8.0,64250,22.95
675,Kelly's Heroes,1970,144,7.6,5.0,44454,1.38
676,Freaks,1932,64,7.9,8.0,41275,
677,Notorious,1946,102,7.9,1.0,90662,10.46
678,Mysterious Skin,2004,105,7.6,7.0,65120,0.7
679,Strangers on a Train,1951,101,7.9,8.0,121337,7.63
680,Drishyam,2015,163,8.2,,66491,0.74
681,Song of the Sea,2014,93,8.1,8.0,49417,0.86
682,Black Book,2006,145,7.7,7.0,71689,4.4
683,Pride,2014,119,7.8,7.0,50770,
684,All About My Mother,1999,101,7.8,8.0,87389,8.26
685,The Maltese Falcon,1941,100,8.0,9.0,147030,2.11
686,Rashomon,1950,88,8.2,9.0,148773,0.1
687,Fantasia,1940,125,7.8,9.0,87001,76.41
688,The 400 Blows,1959,99,8.1,,102315,
689,Bicycle Thieves,1948,89,8.3,,142151,0.33
690,Touch of Evil,1958,95,8.0,9.0,97074,2.24
691,Zulu,1964,138,7.7,7.0,35259,
692,Rio Bravo,1959,141,8.0,9.0,54953,12.54
693,The Secret of NIMH,1982,82,7.6,7.0,35587,10.14
694,Letters from Iwo Jima,2006,141,7.9,8.0,152339,13.76
695,Hannah and Her Sisters,1986,107,7.9,9.0,65966,40.08
696,My Left Foot,1989,103,7.9,9.0,66446,14.74
697,Harold and Maude,1971,91,7.9,6.0,69636,
698,Whisper of the Heart,1995,111,7.9,7.0,49308,
699,Loving Vincent,2017,94,7.8,6.0,48705,6.74
700,K.G.F: Chapter 1,2018,156,8.2,,32138,
701,The Mirror,1975,107,8.1,,38307,0.18
702,Philomena,2013,98,7.6,7.0,92953,37.71
703,"South Park: Bigger, Longer & Uncut",1999,81,7.7,7.0,190127,52.04
704,It Happened One Night,1934,105,8.1,8.0,91683,4.36
705,Where Eagles Dare,1968,158,7.7,6.0,50835,
706,Wild Strawberries,1957,91,8.2,8.0,93303,
707,Being There,1979,130,8.0,8.0,64403,30.18
708,The Chaser,2008,125,7.8,6.0,56512,
709,The Cabinet of Dr. Caligari,1920,67,8.1,,55822,
710,Dead Man's Shoes,2004,90,7.6,5.0,48645,0.01
711,Frost/Nixon,2008,122,7.7,8.0,101617,18.59
712,A Little Princess,1995,97,7.7,8.0,31591,10.02
713,Stagecoach,1939,96,7.8,9.0,42441,
714,Patton,1970,172,7.9,9.0,92552,61.7
715,Victoria,2015,138,7.6,7.0,51125,
716,Breaking the Waves,1996,159,7.8,7.0,61294,4.04
717,Tangerines,2013,87,8.2,7.0,37688,0.14
718,Winter Sleep,2014,196,8.1,8.0,44102,0.17
719,Open Your Eyes,1997,119,7.8,,63067,0.37
720,Gully Boy,2019,153,8.1,6.0,30016,5.57
721,Yojimbo,1961,110,8.2,,108081,
722,City Lights,1931,87,8.5,9.0,163365,0.02
723,The Day the Earth Stood Still,1951,92,7.7,,75501,
724,Who's Afraid of Virginia Woolf?,1966,131,8.0,7.0,67984,
725,The Big Sleep,1946,114,7.9,,77674,6.54
726,Batman: Mask of the Phantasm,1993,76,7.8,,42675,5.62
727,La Vie En Rose,2007,140,7.6,6.0,81533,10.3
728,Amour,2012,127,7.9,9.0,91406,6.74
729,Repulsion,1965,105,7.7,9.0,47837,
730,To Have and Have Not,1944,100,7.8,,30373,
731,Dead Man,1995,121,7.6,6.0,88873,1.04
732,The Killing,1956,84,8.0,9.0,79873,
733,"Spring, Summer, Fall, Winter... and Spring",2003,103,8.0,8.0,75811,2.38
734,High and Low,1963,143,8.4,,31648,
735,Porco Rosso,1992,94,7.7,8.0,74582,
736,The Long Goodbye,1973,112,7.6,8.0,25384,0.96
737,The Lady Vanishes,1938,96,7.8,,46325,
738,The Taking of Pelham One Two Three,1974,104,7.7,6.0,25872,
739,The Manchurian Candidate,1962,126,7.9,9.0,70314,
740,The Battle of Algiers,1966,121,8.1,9.0,51408,0.06
741,Nebraska,2013,115,7.7,8.0,110855,17.65
742,On Golden Pond,1981,109,7.6,6.0,27077,119.29
743,The Double Life of Véronique,1991,98,7.8,8.0,40817,2.0
744,The Message,1976,177,8.2,,43036,
745,What Ever Happened to Baby Jane?,1962,134,8.1,7.0,48911,4.05
746,The Longest Day,1962,178,7.8,7.0,51499,39.1
747,Children of Heaven,1997,89,8.3,7.0,62746,0.93
748,The Quiet Man,1952,129,7.7,,33917,10.55
749,Contempt,1963,102,7.6,,28111,0.04
750,The Verdict,1982,129,7.7,7.0,35207,54.0
751,Thank You for Smoking,2005,92,7.6,7.0,211323,24.79
752,Talk to Her,2002,112,7.9,8.0,103054,9.28
753,A Man Called Ove,2015,116,7.7,7.0,45272,3.36
754,Land of Mine,2015,100,7.8,7.0,34107,0.44
755,Delicatessen,1991,99,7.6,6.0,79293,1.79
756,Head-On,2004,121,7.9,7.0,50382,
757,Belle de Jour,1967,100,7.7,,39298,0.03
758,Perfect Strangers,2016,96,7.8,,54731,
759,The Night of the Hunter,1955,92,8.0,9.0,80406,0.65
760,The Lion in Winter,1968,134,7.9,,28502,22.28
761,Neon Genesis Evangelion: The End of Evangelion,1997,87,8.1,,36755,
762,Waking Life,2001,99,7.8,8.0,60002,2.89
763,The Treasure of the Sierra Madre,1948,126,8.2,9.0,111889,5.01
764,The Grapes of Wrath,1940,129,8.0,9.0,84741,0.06
765,The Bandit,1996,128,8.2,,62189,
766,The Philadelphia Story,1940,112,7.9,9.0,62278,
767,Volver,2006,121,7.6,8.0,93315,12.9
768,The African Queen,1951,105,7.7,9.0,70376,0.54
769,Ikiru,1952,143,8.3,,65793,0.06
770,The Hurricane,1999,146,7.6,7.0,90279,50.67
771,Red River,1948,133,7.8,,27537,
772,Sympathy for Mr. Vengeance,2002,129,7.6,5.0,61270,0.05
773,Judgment at Nuremberg,1961,179,8.2,6.0,67644,
774,The Celebration,1998,105,8.0,8.0,76533,1.65
775,3-Iron,2004,88,8.0,7.0,49016,0.24
776,5 Centimeters Per Second,2007,63,7.6,,49488,
777,Eyes Without a Face,1960,90,7.7,9.0,26389,0.05
778,Gilda,1946,110,7.7,,27311,
779,Infernal Affairs,2002,101,8.0,7.0,116562,0.17
780,"I, Daniel Blake",2016,100,7.9,7.0,51855,0.26
781,Queen,2013,146,8.2,,59686,1.43
782,The Hustler,1961,134,8.0,9.0,74124,8.28
783,The Diving Bell and the Butterfly,2007,112,8.0,9.0,102217,5.99
784,The Little Prince,2015,108,7.7,7.0,55280,1.34
785,Andrei Rublev,1966,205,8.1,,45026,0.1
786,Shadow of a Doubt,1943,108,7.8,9.0,58186,
787,Watership Down,1978,91,7.6,6.0,33111,
788,Rififi,1955,118,8.2,9.0,26850,0.06
789,Zindagi Na Milegi Dobara,2011,155,8.1,,65976,3.11
790,Once,2007,86,7.8,8.0,109265,9.44
791,Le Samouraï,1967,101,8.1,,44136,0.04
792,Lilya 4-Ever,2002,109,7.8,8.0,41986,0.18
793,Withnail & I,1987,107,7.7,8.0,39520,1.54
794,Peeping Tom,1960,101,7.7,,30136,0.08
795,The White Ribbon,2009,144,7.8,8.0,67530,2.22
796,Elite Squad,2007,115,8.1,3.0,96700,0.01
797,"Aguirre, the Wrath of God",1972,95,7.9,,51156,
798,His Girl Friday,1940,92,7.9,,52441,0.3
799,Duck You Sucker,1971,138,7.6,7.0,29432,0.7
800,When Marnie Was There,2014,103,7.7,7.0,30879,0.77
801,The Adventures of Robin Hood,1938,102,7.9,9.0,46471,3.98
802,Short Cuts,1993,188,7.7,7.0,41663,6.11
803,A Hard Day's Night,1964,87,7.6,9.0,39476,13.78
804,A Man for All Seasons,1966,120,7.7,7.0,30604,28.35
805,The Day of the Jackal,1973,143,7.8,8.0,36658,16.06
806,Ayla: The Daughter of War,2017,125,8.4,,32444,
807,The Station Agent,2003,89,7.6,8.0,66667,5.74
808,Bride of Frankenstein,1935,75,7.8,9.0,42321,4.36
809,Leviathan,2014,140,7.6,9.0,48178,1.09
810,Once Were Warriors,1994,102,7.9,7.0,31014,2.2
811,The Kid,1921,68,8.3,,109612,5.45
812,Guess Who's Coming to Dinner,1967,108,7.8,6.0,38490,56.7
813,The Best Years of Our Lives,1946,170,8.0,9.0,56395,23.65
814,Secrets & Lies,1996,136,8.0,9.0,36607,13.42
815,Cat on a Hot Tin Roof,1958,108,8.0,8.0,44114,17.57
816,A Prophet,2009,155,7.9,9.0,92233,2.08
817,The Lunchbox,2013,104,7.8,7.0,49147,4.23
818,All Quiet on the Western Front,1930,152,8.0,9.0,56474,3.27
819,Fearless,2006,104,7.6,7.0,72161,24.63
820,A Very Long Engagement,2004,133,7.6,7.0,70278,6.17
821,Throne of Blood,1957,110,8.1,,45171,
822,Three Colors: White,1994,92,7.6,8.0,62183,1.46
823,Lagaan: Once Upon a Time in India,2001,224,8.1,8.0,102856,0.07
824,The Legend of 1900,1998,169,8.1,5.0,57531,0.26
825,The Innocents,1961,100,7.8,8.0,25990,2.62
826,The Motorcycle Diaries,2004,126,7.8,7.0,95562,16.76
827,Fitzcarraldo,1982,158,8.1,,30679,
828,The 39 Steps,1935,86,7.6,9.0,50691,
829,Tokyo Story,1953,136,8.2,,50810,
830,Ninja Scroll,1993,94,7.9,,33937,
831,Good Bye Lenin!,2003,121,7.7,6.0,135960,4.06
832,Battleship Potemkin,1925,66,8.0,,51921,0.05
833,Underground,1995,167,8.1,,54325,0.17
834,The Tale of The Princess Kaguya,2013,137,8.0,8.0,36676,1.51
835,Stalag 17,1953,120,8.0,8.0,50399,
836,The Vanishing,1988,107,7.7,,33116,
837,Loveless,2017,127,7.6,8.0,28591,0.57
838,Night on Earth,1991,129,7.8,6.0,54181,2.02
839,The Man Who Would Be King,1975,129,7.8,9.0,43236,
840,Cape Fear,1962,106,7.7,7.0,25799,
841,The Sea Inside,2004,126,8.0,7.0,76485,2.09
842,Il Postino,1994,108,7.7,8.0,32927,21.85
843,The Salesman,2016,124,7.8,8.0,48922,2.4
844,Mr. Smith Goes to Washington,1939,129,8.1,7.0,104813,9.6
845,Raise the Red Lantern,1991,125,8.1,,28869,2.6
846,Ivan's Childhood,1962,84,8.1,,30395,
847,Hedwig and the Angry Inch,2001,95,7.7,8.0,31545,3.03
848,Once Upon a Time in Anatolia,2011,157,7.9,8.0,40097,0.14
849,Amarcord,1973,123,7.9,,38984,
850,Wait Until Dark,1967,108,7.8,8.0,27214,17.55
851,The Invisible Man,1933,71,7.7,8.0,29399,
852,The Secret of Kells,2009,75,7.6,8.0,30523,0.69
853,Control,2007,122,7.7,7.0,60755,0.87
854,Bajrangi Bhaijaan,2015,163,8.0,,70247,8.18
855,Only Yesterday,1991,118,7.6,9.0,25649,0.45
856,Wolf Children,2012,117,8.1,7.0,37371,
857,Arsenic and Old Lace,1944,118,8.0,,64286,
858,Kal ho naa ho,2003,186,8.0,5.0,62169,1.79
859,Hera Pheri,2000,156,8.2,,55247,
860,Cowboy Bebop: The Movie,2001,115,7.9,6.0,42096,1.0
861,Kagemusha,1980,162,8.0,8.0,31382,
862,The Conformist,1970,113,8.0,1.0,26164,0.54
863,Uri: The Surgical Strike,2019,138,8.3,,41570,4.19
864,Key Largo,1948,100,7.8,,36377,
865,My Name Is Khan,2010,165,8.0,5.0,96891,4.02
866,Swades,2004,189,8.2,,81560,1.22
867,To Be or Not to Be,1942,99,8.2,8.0,27841,
868,Rang De Basanti,2006,167,8.2,,109334,2.2
869,Bringing Up Baby,1938,102,7.9,9.0,54057,
870,Talvar,2015,132,8.2,,30098,0.34
871,No Man's Land,2001,98,7.9,8.0,44036,1.06
872,Invasion of the Body Snatchers,1956,80,7.7,9.0,43993,
873,Inherit the Wind,1960,128,8.1,7.0,26748,
874,The General,1926,67,8.1,,79030,1.03
875,Hard Boiled,1992,128,7.8,,46024,
876,Cries & Whispers,1972,91,8.1,,29276,1.74
877,The Hidden Fortress,1958,126,8.1,,33484,
878,Crimes and Misdemeanors,1989,104,7.9,7.0,53677,18.25
879,The Experiment,2001,120,7.7,6.0,90047,0.14
880,Death Note,2006,126,7.7,,28247,
881,La Strada,1954,108,8.0,,57105,
882,In a Lonely Place,1950,94,8.0,,25482,
883,Departures,2008,130,8.1,6.0,47776,1.5
884,Miracle on 34th Street,1947,96,7.9,8.0,39151,2.65
885,Down by Law,1986,107,7.8,7.0,46995,1.44
886,The Broken Circle Breakdown,2012,111,7.8,7.0,38709,0.18
887,The Return,2003,110,8.0,8.0,41465,0.5
888,Confessions,2010,106,7.8,,34965,
889,The Wages of Fear,1953,131,8.1,8.0,53144,
890,Darbareye Elly,2009,119,8.0,8.0,43788,0.11
891,Baby,2015,159,8.0,,51883,
892,Pink,2016,136,8.1,,37866,1.24
893,My Father and My Son,2005,112,8.3,,76415,
894,The Gold Rush,1925,95,8.2,,97942,5.45
895,Persepolis,2007,96,8.0,9.0,87199,4.45
896,Mustang,2015,97,7.6,8.0,34787,0.85
897,The Passion of Joan of Arc,1928,114,8.1,,46049,0.02
898,The Thin Man,1934,91,8.0,,25864,
899,Lifeboat,1944,97,7.6,7.0,25948,
900,Haider,2014,160,8.1,,49514,0.9
901,My Sassy Girl,2001,137,8.0,,44775,
902,Kahaani,2012,122,8.1,,56604,1.04
903,The Discreet Charm of the Bourgeoisie,1972,102,7.9,9.0,37572,0.2
904,Shine,1996,105,7.7,8.0,50624,35.81
905,Pierrot le Fou,1965,110,7.6,,28666,
906,Barfi!,2012,151,8.1,,74242,2.8
907,Sunrise,1927,94,8.1,,46193,0.54
908,The Past,2013,130,7.8,8.0,44218,1.33
909,Diabolique,1955,117,8.0,,60450,
910,Love Me If You Dare,2003,93,7.6,4.0,66548,0.55
911,After the Wedding,2006,120,7.7,7.0,31410,0.41
912,The Odd Couple,1968,105,7.7,8.0,30962,44.53
913,Udta Punjab,2016,148,7.8,,26427,
914,The Magdalene Sisters,2002,114,7.7,8.0,25642,4.89
915,The Girl Who Leapt Through Time,2006,98,7.7,,58827,
916,"4 Months, 3 Weeks and 2 Days",2007,113,7.9,9.0,55616,1.19
917,Evil,2003,113,7.8,6.0,35202,0.02
918,The Exterminating Angel,1962,95,8.1,,28878,
919,Vivre Sa Vie,1962,85,8.0,,26958,
920,Sleuth,1972,138,8.0,,44170,4.08
921,In a Better World,2010,118,7.6,6.0,38062,1.01
922,Badhaai Ho,2018,124,8.0,,26636,
923,In America,2002,105,7.7,7.0,40120,15.54
924,Anand,1971,122,8.5,,28478,
925,Baahubali 2: The Conclusion,2017,167,8.2,,72857,20.19
926,Ace in the Hole,1951,111,8.1,7.0,30654,3.97
927,Au Revoir les Enfants,1987,104,8.0,8.0,30560,4.54
928,Duck Soup,1933,69,7.8,9.0,54841,
929,Brief Encounter,1945,86,8.0,9.0,34646,
930,Interstate 60: Episodes of the Road,2002,116,7.7,,29444,
931,Central Station,1998,110,8.0,8.0,35559,5.6
932,Harvey,1950,104,7.9,,52032,
933,Dil Chahta Hai,2001,183,8.1,,65647,0.3
934,L'Avventura,1960,144,7.9,,25784,
935,The Chorus,2004,97,7.9,5.0,56357,3.64
936,Nights of Cabiria,1957,110,8.1,,42003,0.75
937,The Purple Rose of Cairo,1985,82,7.7,7.0,46264,10.63
938,"Black Cat, White Cat",1998,127,8.1,7.0,49949,0.35
939,Kai Po Che,2013,120,7.7,4.0,30918,1.12
940,Tokyo Godfathers,2003,92,7.8,7.0,30030,0.13
941,Sweet Smell of Success,1957,96,8.1,1.0,27355,
942,Udaan,2010,134,8.2,,41682,0.01
943,Munna Bhai M.B.B.S.,2003,156,8.1,,72194,
944,The Virgin Spring,1960,89,8.1,,26090,1.53
945,Joyeux Noel,2005,116,7.7,7.0,27177,1.05
946,The Killer,1989,111,7.8,8.0,45067,
947,Dilwale Dulhania Le Jayenge,1995,181,8.1,,62068,
948,Nine Queens,2000,114,7.9,8.0,48945,1.22
949,Jules and Jim,1962,105,7.8,9.0,36686,
950,Lupin the 3rd: Castle of Cagliostro,1979,102,7.7,7.0,26037,
951,Elite Squad 2: The Enemy Within,2010,115,8.0,7.0,78301,0.1
952,Special 26,2013,144,8.0,,49835,1.08
953,Vampire Hunter D: Bloodlust,2000,103,7.7,6.0,28695,0.15
954,A Wednesday,2008,104,8.1,,72756,
955,Joint Security Area,2000,110,7.8,5.0,25678,
956,The Lost Weekend,1945,101,7.9,,32886,9.46
957,Celda 211,2009,113,7.6,,63015,
958,Fireworks,1997,103,7.8,,27046,0.23
959,The Triplets of Belleville,2003,80,7.8,9.0,50005,7.0
960,Sanjuro,1962,96,8.1,,31608,
961,Sherlock Jr.,1924,45,8.2,,39941,0.98
962,The Circus,1928,72,8.1,9.0,27861,
963,Dev.D,2009,144,8.0,,28266,0.01
964,Black,2005,122,8.2,,32942,0.73
965,La Grande Illusion,1937,113,8.1,,33259,0.17
966,The Visitor,2007,104,7.6,7.0,41230,9.42
967,G.O.R.A.,2004,127,8.0,,55319,
968,Chak De! India,2007,153,8.2,6.0,72516,1.11
969,The Shop Around the Corner,1940,99,8.1,9.0,26903,0.2
970,The Ladykillers,1955,91,7.7,9.0,25690,
971,Adam's Apples,2005,94,7.8,5.0,44576,0.0
972,Andaz Apna Apna,1994,160,8.2,,48485,
973,Zelig,1983,79,7.7,,39266,11.8
974,White Heat,1949,114,8.1,,29058,
975,OMG: Oh My God!,2012,125,8.1,,50055,0.92
976,Hiroshima Mon Amour,1959,90,7.9,,27538,0.09
977,The Muppet Christmas Carol,1992,85,7.7,6.0,46465,27.28
978,The Rules of the Game,1939,110,8.0,,26185,
979,Le Dîner de Cons,1998,80,7.7,7.0,36717,4.07
980,Love and Death,1975,85,7.7,8.0,35328,
981,Airlift,2016,130,8.0,,52044,
982,Veer-Zaara,2004,192,7.8,6.0,48000,2.92
983,Jab We Met,2007,138,7.9,,46576,0.41
984,Knockin' on Heaven's Door,1997,87,8.0,,27098,0.0
985,Tae Guk Gi: The Brotherhood of War,2004,140,8.1,6.0,37403,1.11
986,Paan Singh Tomar,2012,135,8.2,,32508,0.04
987,Kind Hearts and Coronets,1949,106,8.0,,33863,
988,Sholay,1975,162,8.2,,50376,
989,Vicky Donor,2012,126,7.8,,38974,0.17
990,Bhaag Milkha Bhaag,2013,186,8.2,,59747,1.63
991,C.R.A.Z.Y.,2005,127,7.9,8.0,31197,
992,The Edge of Heaven,2007,122,7.8,8.0,30391,0.74
993,Drishyam,2013,160,8.3,,29862,
994,A Night at the Opera,1935,96,7.9,,30080,2.54
995,The Breath,2009,128,8.0,,31288,
996,Vizontele,2001,110,8.0,,32423,
997,And Now for Something Completely Different,1971,88,7.6,,28455,
998,English Vinglish,2012,134,7.8,,32885,1.67
999,"Carry On, Munna Bhai",2006,144,8.1,,42104,2.22
